<ParameterScan version="3.7.0">
   <OutputDirectory>parameterScan</OutputDirectory>
   <ParameterList Resource="Simulation/singleCellExternalForce.xml">
      <Parameter CurrentIteration="1" Name="RandomSeed" Type="XML_CDATA" ValueType="int">
         [['CompuCell3D','Revision','20171208','Version','3.7.7'],['Potts'],['RandomSeed']]
         <Values>308202718,1001658835,1695114952,2388571069,3082027186</Values>
      </Parameter>
      <Parameter CurrentIteration="0" Name="Energy" Type="XML_CDATA" ValueType="float">
         [['CompuCell3D','Revision','20171208','Version','3.7.7'],['Plugin','Name','Contact'],['Energy','Type1','Medium','Type2','Cell']]
         <Values>10.0</Values>
      </Parameter>
      <Parameter CurrentIteration="0" Name="Temperature" Type="XML_CDATA" ValueType="float">
         [['CompuCell3D','Revision','20171208','Version','3.7.7'],['Potts'],['Temperature']]
         <Values>10.0</Values>
      </Parameter>
   </ParameterList>
   <ParameterList Resource="Simulation/singleCellExternalForceSteppables.py">
      <Parameter CurrentIteration="0" Name="G_forceAngle_G" Type="PYTHON_GLOBAL" ValueType="float">
         <Values>0.0,2.0,3.0,6.0</Values>
      </Parameter>
      <Parameter CurrentIteration="4" Name="G_forceModulus_G" Type="PYTHON_GLOBAL" ValueType="int">
         <Values>1,5,10,20,30,40,50,75,100,500,1000,5000,10000,50000</Values>
      </Parameter>
      <Parameter CurrentIteration="0" Name="G_lambda_Volume_G" Type="PYTHON_GLOBAL" ValueType="int">
         <Values>8</Values>
      </Parameter>
      <Parameter CurrentIteration="0" Name="G_targetVolume_G" Type="PYTHON_GLOBAL" ValueType="int">
         <Values>64</Values>
      </Parameter>
   </ParameterList>
</ParameterScan>
